{
  "results": [
    {
      "accuracy": 0.9106666666666666,
      "f1": 0.8130232558139535,
      "roc_auc": 0.9326500888860331,
      "model": "GradientBoosting"
    },
    {
      "accuracy": 0.894,
      "f1": 0.7635101636093208,
      "roc_auc": 0.9297973724819448,
      "model": "RandomForest"
    },
    {
      "accuracy": 0.8186666666666667,
      "f1": 0.6190476190476191,
      "roc_auc": 0.8317013337494608,
      "model": "DecisionTree"
    }
  ]
}