{
  "mae": 267942.2502505036,
  "mse": 232528593846.01443,
  "rmse": 482212.1875751529
}