{
  "mae": 267942.25025050365,
  "mse": 232528593846.01428,
  "rmse": 482212.1875751527
}